id,question,intent,tokens,slots
1,Can I have a Green Mint please?,order,"['Can', 'I', 'have', 'a', 'Green', 'Mint', 'please', '?']","['O', 'O', 'O', 'B-quantity', 'B-item', 'I-item', 'O', 'O']"
2,Give me one Latte.,order,"['Give', 'me', 'one', 'Latte', '.']","['O', 'O', 'B-quantity', 'B-item', 'O']"
3,Give me one Green Mint.,order,"['Give', 'me', 'one', 'Green', 'Mint', '.']","['O', 'O', 'B-quantity', 'B-item', 'I-item', 'O']"
4,I'd like a cup of Chai tea.,order,"['I', ""'d"", 'like', 'a', 'cup', 'of', 'Chai', 'tea', '.']","['O', 'O', 'O', 'B-quantity', 'I-quantity', 'I-quantity', 'B-item', 'I-item', 'O']"
5,I’d like to order a Chai tea.,order,"['I’d', 'like', 'to', 'order', 'a', 'Chai', 'tea', '.']","['O', 'O', 'O', 'O', 'B-quantity', 'B-item', 'I-item', 'O']"
6,I'd like a cup of Black Tea.,order,"['I', ""'d"", 'like', 'a', 'cup', 'of', 'Black', 'Tea', '.']","['O', 'O', 'O', 'B-quantity', 'I-quantity', 'I-quantity', 'B-item', 'I-item', 'O']"
7,Give me one Cappuccino.,order,"['Give', 'me', 'one', 'Cappuccino', '.']","['O', 'O', 'B-quantity', 'B-item', 'O']"
8,Give me one Mocha.,order,"['Give', 'me', 'one', 'Mocha', '.']","['O', 'O', 'B-quantity', 'B-item', 'O']"
9,I’d like to order a Black Tea.,order,"['I’d', 'like', 'to', 'order', 'a', 'Black', 'Tea', '.']","['O', 'O', 'O', 'O', 'B-quantity', 'B-item', 'I-item', 'O']"
10,Can I have a Black Tea please?,order,"['Can', 'I', 'have', 'a', 'Black', 'Tea', 'please', '?']","['O', 'O', 'O', 'B-quantity', 'B-item', 'I-item', 'O', 'O']"
11,Can I have a Hot Chocolate please?,order,"['Can', 'I', 'have', 'a', 'Hot', 'Chocolate', 'please', '?']","['O', 'O', 'O', 'B-quantity', 'B-item', 'I-item', 'O', 'O']"
12,"One White Mocha to go, please.",order,"['One', 'White', 'Mocha', 'to', 'go', ',', 'please', '.']","['B-quantity', 'B-item', 'I-item', 'O', 'O', 'O', 'O', 'O']"
13,Give me one Hot Chocolate.,order,"['Give', 'me', 'one', 'Hot', 'Chocolate', '.']","['O', 'O', 'B-quantity', 'B-item', 'I-item', 'O']"
14,I’d like to order a Hot Chocolate.,order,"['I’d', 'like', 'to', 'order', 'a', 'Hot', 'Chocolate', '.']","['O', 'O', 'O', 'O', 'B-quantity', 'B-item', 'I-item', 'O']"
15,Can I have a Latte please?,order,"['Can', 'I', 'have', 'a', 'Latte', 'please', '?']","['O', 'O', 'O', 'B-quantity', 'B-item', 'O', 'O']"
16,"One Chai tea to go, please.",order,"['One', 'Chai', 'tea', 'to', 'go', ',', 'please', '.']","['B-quantity', 'B-item', 'I-item', 'O', 'O', 'O', 'O', 'O']"
17,Can I have a Americano please?,order,"['Can', 'I', 'have', 'a', 'Americano', 'please', '?']","['O', 'O', 'O', 'B-quantity', 'B-item', 'O', 'O']"
18,I'd like a cup of Latte.,order,"['I', ""'d"", 'like', 'a', 'cup', 'of', 'Latte', '.']","['O', 'O', 'O', 'B-quantity', 'I-quantity', 'I-quantity', 'B-item', 'O']"
19,"One Green Mint to go, please.",order,"['One', 'Green', 'Mint', 'to', 'go', ',', 'please', '.']","['B-quantity', 'B-item', 'I-item', 'O', 'O', 'O', 'O', 'O']"
20,Can I have a Mocha please?,order,"['Can', 'I', 'have', 'a', 'Mocha', 'please', '?']","['O', 'O', 'O', 'B-quantity', 'B-item', 'O', 'O']"
21,Give me one Chai tea.,order,"['Give', 'me', 'one', 'Chai', 'tea', '.']","['O', 'O', 'B-quantity', 'B-item', 'I-item', 'O']"
22,I'd like a cup of Cappuccino.,order,"['I', ""'d"", 'like', 'a', 'cup', 'of', 'Cappuccino', '.']","['O', 'O', 'O', 'B-quantity', 'I-quantity', 'I-quantity', 'B-item', 'O']"
23,Can I have a White Mocha please?,order,"['Can', 'I', 'have', 'a', 'White', 'Mocha', 'please', '?']","['O', 'O', 'O', 'B-quantity', 'B-item', 'I-item', 'O', 'O']"
24,I'd like a cup of Mocha.,order,"['I', ""'d"", 'like', 'a', 'cup', 'of', 'Mocha', '.']","['O', 'O', 'O', 'B-quantity', 'I-quantity', 'I-quantity', 'B-item', 'O']"
25,Give me one Americano.,order,"['Give', 'me', 'one', 'Americano', '.']","['O', 'O', 'B-quantity', 'B-item', 'O']"
26,I'd like a cup of Green Mint.,order,"['I', ""'d"", 'like', 'a', 'cup', 'of', 'Green', 'Mint', '.']","['O', 'O', 'O', 'B-quantity', 'I-quantity', 'I-quantity', 'B-item', 'I-item', 'O']"
27,"One Cappuccino to go, please.",order,"['One', 'Cappuccino', 'to', 'go', ',', 'please', '.']","['B-quantity', 'B-item', 'O', 'O', 'O', 'O', 'O']"
28,I’d like to order a Matcha Latte.,order,"['I’d', 'like', 'to', 'order', 'a', 'Matcha', 'Latte', '.']","['O', 'O', 'O', 'O', 'B-quantity', 'B-item', 'I-item', 'O']"
29,Give me one Black Tea.,order,"['Give', 'me', 'one', 'Black', 'Tea', '.']","['O', 'O', 'B-quantity', 'B-item', 'I-item', 'O']"
30,I'd like a cup of Americano.,order,"['I', ""'d"", 'like', 'a', 'cup', 'of', 'Americano', '.']","['O', 'O', 'O', 'B-quantity', 'I-quantity', 'I-quantity', 'B-item', 'O']"
31,Give me one Matcha Latte.,order,"['Give', 'me', 'one', 'Matcha', 'Latte', '.']","['O', 'O', 'B-quantity', 'B-item', 'I-item', 'O']"
32,"I’d like to order one Americano, please",order,"['I’d', 'like', 'to', 'order', 'one', 'Americano', ',', 'please']","['O', 'O', 'O', 'O', 'B-quantity', 'B-item', 'O', 'O']"
33,Can I get two Americanos?,order,"['Can', 'I', 'get', 'two', 'Americanos', '?']","['O', 'O', 'O', 'B-quantity', 'B-item', 'O']"
34,I'd like to have three cups of Americano,order,"['I', ""'d"", 'like', 'to', 'have', 'three', 'cups', 'of', 'Americano']","['O', 'O', 'O', 'O', 'O', 'B-quantity', 'I-quantity', 'I-quantity', 'B-item']"
35,Could I order an Americano?,order,"['Could', 'I', 'order', 'an', 'Americano', '?']","['O', 'O', 'O', 'B-quantity', 'B-item', 'O']"
36,Please give me one Americano,order,"['Please', 'give', 'me', 'one', 'Americano']","['O', 'O', 'O', 'B-quantity', 'B-item']"
37,"May I have two Americanos, please?",order,"['May', 'I', 'have', 'two', 'Americanos', ',', 'please', '?']","['O', 'O', 'O', 'B-quantity', 'B-item', 'O', 'O', 'O']"
38,I'd love to get an Americano,order,"['I', ""'d"", 'love', 'to', 'get', 'an', 'Americano']","['O', 'O', 'O', 'O', 'O', 'B-quantity', 'B-item']"
39,I want to order four Americanos,order,"['I', 'want', 'to', 'order', 'four', 'Americanos']","['O', 'O', 'O', 'O', 'B-quantity', 'B-item']"
40,Let me order a single Americano,order,"['Let', 'me', 'order', 'a', 'single', 'Americano']","['O', 'O', 'O', 'B-quantity', 'I-quantity', 'B-item']"
41,I’ll take one Americano to go,order,"['I’ll', 'take', 'one', 'Americano', 'to', 'go']","['O', 'O', 'B-quantity', 'B-item', 'O', 'O']"
42,I’d like five Americanos for my friends and me,order,"['I’d', 'like', 'five', 'Americanos', 'for', 'my', 'friends', 'and', 'me']","['O', 'O', 'B-quantity', 'B-item', 'O', 'O', 'O', 'O', 'O']"
43,Can you make three Americanos for us?,order,"['Can', 'you', 'make', 'three', 'Americanos', 'for', 'us', '?']","['O', 'O', 'O', 'B-quantity', 'B-item', 'O', 'O', 'O']"
44,I’d like to place an order for two Americanos,order,"['I’d', 'like', 'to', 'place', 'an', 'order', 'for', 'two', 'Americanos']","['O', 'O', 'O', 'O', 'O', 'O', 'O', 'B-quantity', 'B-item']"
45,"I'd appreciate a hot Americano, please",order,"['I', ""'d"", 'appreciate', 'a', 'hot', 'Americano', ',', 'please']","['O', 'O', 'O', 'B-quantity', 'I-item', 'B-item', 'O', 'O']"
46,"One Americano, thanks",order,"['One', 'Americano', ',', 'thanks']","['B-quantity', 'B-item', 'O', 'O']"
47,I need an Americano to start my day,order,"['I', 'need', 'an', 'Americano', 'to', 'start', 'my', 'day']","['O', 'O', 'B-quantity', 'B-item', 'O', 'O', 'O', 'O']"
48,"Give me one cup of Americano, please",order,"['Give', 'me', 'one', 'cup', 'of', 'Americano', ',', 'please']","['O', 'O', 'B-quantity', 'I-quantity', 'I-quantity', 'B-item', 'O', 'O']"
49,I’ll go with an Americano today,order,"['I’ll', 'go', 'with', 'an', 'Americano', 'today']","['O', 'O', 'O', 'B-quantity', 'B-item', 'O']"
50,I want an Americano right now,order,"['I', 'want', 'an', 'Americano', 'right', 'now']","['O', 'O', 'B-quantity', 'B-item', 'O', 'O']"
51,I’d like to buy one Americano,order,"['I’d', 'like', 'to', 'buy', 'one', 'Americano']","['O', 'O', 'O', 'O', 'B-quantity', 'B-item']"
52,"I’d like to order one Cappuccino, please",order,"['I’d', 'like', 'to', 'order', 'one', 'Cappuccino', ',', 'please']","['O', 'O', 'O', 'O', 'B-quantity', 'B-item', 'O', 'O']"
53,Can I get two Cappuccinos?,order,"['Can', 'I', 'get', 'two', 'Cappuccinos', '?']","['O', 'O', 'O', 'B-quantity', 'B-item', 'O']"
54,I'd like to have three cups of Cappuccino,order,"['I', ""'d"", 'like', 'to', 'have', 'three', 'cups', 'of', 'Cappuccino']","['O', 'O', 'O', 'O', 'O', 'B-quantity', 'I-quantity', 'I-quantity', 'B-item']"
55,Could I order a Cappuccino?,order,"['Could', 'I', 'order', 'a', 'Cappuccino', '?']","['O', 'O', 'O', 'B-quantity', 'B-item', 'O']"
56,Please give me one Cappuccino,order,"['Please', 'give', 'me', 'one', 'Cappuccino']","['O', 'O', 'O', 'B-quantity', 'B-item']"
57,"May I have two Cappuccinos, please?",order,"['May', 'I', 'have', 'two', 'Cappuccinos', ',', 'please', '?']","['O', 'O', 'O', 'B-quantity', 'B-item', 'O', 'O', 'O']"
58,I'd love to get a Cappuccino,order,"['I', ""'d"", 'love', 'to', 'get', 'a', 'Cappuccino']","['O', 'O', 'O', 'O', 'O', 'B-quantity', 'B-item']"
59,I want to order four Cappuccinos,order,"['I', 'want', 'to', 'order', 'four', 'Cappuccinos']","['O', 'O', 'O', 'O', 'B-quantity', 'B-item']"
60,Let me order a single Cappuccino,order,"['Let', 'me', 'order', 'a', 'single', 'Cappuccino']","['O', 'O', 'O', 'B-quantity', 'I-quantity', 'B-item']"
61,I’ll take one Cappuccino to go,order,"['I’ll', 'take', 'one', 'Cappuccino', 'to', 'go']","['O', 'O', 'B-quantity', 'B-item', 'O', 'O']"
62,I’d like five Cappuccinos for my friends and me,order,"['I’d', 'like', 'five', 'Cappuccinos', 'for', 'my', 'friends', 'and', 'me']","['O', 'O', 'B-quantity', 'B-item', 'O', 'O', 'O', 'O', 'O']"
63,Can you make three Cappuccinos for us?,order,"['Can', 'you', 'make', 'three', 'Cappuccinos', 'for', 'us', '?']","['O', 'O', 'O', 'B-quantity', 'B-item', 'O', 'O', 'O']"
64,I’d like to place an order for two Cappuccinos,order,"['I’d', 'like', 'to', 'place', 'an', 'order', 'for', 'two', 'Cappuccinos']","['O', 'O', 'O', 'O', 'O', 'O', 'O', 'B-quantity', 'B-item']"
65,"I'd appreciate a hot Cappuccino, please",order,"['I', ""'d"", 'appreciate', 'a', 'hot', 'Cappuccino', ',', 'please']","['O', 'O', 'O', 'B-quantity', 'I-item', 'B-item', 'O', 'O']"
66,"One Cappuccino, thanks",order,"['One', 'Cappuccino', ',', 'thanks']","['B-quantity', 'B-item', 'O', 'O']"
67,I need a Cappuccino to start my day,order,"['I', 'need', 'a', 'Cappuccino', 'to', 'start', 'my', 'day']","['O', 'O', 'B-quantity', 'B-item', 'O', 'O', 'O', 'O']"
68,"Give me one cup of Cappuccino, please",order,"['Give', 'me', 'one', 'cup', 'of', 'Cappuccino', ',', 'please']","['O', 'O', 'B-quantity', 'I-quantity', 'I-quantity', 'B-item', 'O', 'O']"
69,I’ll go with a Cappuccino today,order,"['I’ll', 'go', 'with', 'a', 'Cappuccino', 'today']","['O', 'O', 'O', 'B-quantity', 'B-item', 'O']"
70,I want a Cappuccino right now,order,"['I', 'want', 'a', 'Cappuccino', 'right', 'now']","['O', 'O', 'B-quantity', 'B-item', 'O', 'O']"
71,I’d like to buy one Cappuccino,order,"['I’d', 'like', 'to', 'buy', 'one', 'Cappuccino']","['O', 'O', 'O', 'O', 'B-quantity', 'B-item']"
72,"I’d like to order one Latte, please",order,"['I’d', 'like', 'to', 'order', 'one', 'Latte', ',', 'please']","['O', 'O', 'O', 'O', 'B-quantity', 'B-item', 'O', 'O']"
73,Can I get two Lattes?,order,"['Can', 'I', 'get', 'two', 'Lattes', '?']","['O', 'O', 'O', 'B-quantity', 'B-item', 'O']"
74,I'd like to have three cups of Latte,order,"['I', ""'d"", 'like', 'to', 'have', 'three', 'cups', 'of', 'Latte']","['O', 'O', 'O', 'O', 'O', 'B-quantity', 'I-quantity', 'I-quantity', 'B-item']"
75,Could I order a Latte?,order,"['Could', 'I', 'order', 'a', 'Latte', '?']","['O', 'O', 'O', 'B-quantity', 'B-item', 'O']"
76,Please give me one Latte,order,"['Please', 'give', 'me', 'one', 'Latte']","['O', 'O', 'O', 'B-quantity', 'B-item']"
77,"May I have two Lattes, please?",order,"['May', 'I', 'have', 'two', 'Lattes', ',', 'please', '?']","['O', 'O', 'O', 'B-quantity', 'B-item', 'O', 'O', 'O']"
78,I'd love to get a Latte,order,"['I', ""'d"", 'love', 'to', 'get', 'a', 'Latte']","['O', 'O', 'O', 'O', 'O', 'B-quantity', 'B-item']"
79,I want to order four Lattes,order,"['I', 'want', 'to', 'order', 'four', 'Lattes']","['O', 'O', 'O', 'O', 'B-quantity', 'B-item']"
80,Let me order a single Latte,order,"['Let', 'me', 'order', 'a', 'single', 'Latte']","['O', 'O', 'O', 'B-quantity', 'I-quantity', 'B-item']"
81,I’ll take one Latte to go,order,"['I’ll', 'take', 'one', 'Latte', 'to', 'go']","['O', 'O', 'B-quantity', 'B-item', 'O', 'O']"
82,I’d like five Lattes for my friends and me,order,"['I’d', 'like', 'five', 'Lattes', 'for', 'my', 'friends', 'and', 'me']","['O', 'O', 'B-quantity', 'B-item', 'O', 'O', 'O', 'O', 'O']"
83,Can you make three Lattes for us?,order,"['Can', 'you', 'make', 'three', 'Lattes', 'for', 'us', '?']","['O', 'O', 'O', 'B-quantity', 'B-item', 'O', 'O', 'O']"
84,I’d like to place an order for two Lattes,order,"['I’d', 'like', 'to', 'place', 'an', 'order', 'for', 'two', 'Lattes']","['O', 'O', 'O', 'O', 'O', 'O', 'O', 'B-quantity', 'B-item']"
85,"I'd appreciate a hot Latte, please",order,"['I', ""'d"", 'appreciate', 'a', 'hot', 'Latte', ',', 'please']","['O', 'O', 'O', 'B-quantity', 'I-item', 'B-item', 'O', 'O']"
86,"One Latte, thanks",order,"['One', 'Latte', ',', 'thanks']","['B-quantity', 'B-item', 'O', 'O']"
87,I need a Latte to start my day,order,"['I', 'need', 'a', 'Latte', 'to', 'start', 'my', 'day']","['O', 'O', 'B-quantity', 'B-item', 'O', 'O', 'O', 'O']"
88,"Give me one cup of Latte, please",order,"['Give', 'me', 'one', 'cup', 'of', 'Latte', ',', 'please']","['O', 'O', 'B-quantity', 'I-quantity', 'I-quantity', 'B-item', 'O', 'O']"
89,I’ll go with a Latte today,order,"['I’ll', 'go', 'with', 'a', 'Latte', 'today']","['O', 'O', 'O', 'B-quantity', 'B-item', 'O']"
90,I want a Latte right now,order,"['I', 'want', 'a', 'Latte', 'right', 'now']","['O', 'O', 'B-quantity', 'B-item', 'O', 'O']"
91,I’d like to buy one Latte,order,"['I’d', 'like', 'to', 'buy', 'one', 'Latte']","['O', 'O', 'O', 'O', 'B-quantity', 'B-item']"
92,"I’d like to order one Mocha, please",order,"['I’d', 'like', 'to', 'order', 'one', 'Mocha', ',', 'please']","['O', 'O', 'O', 'O', 'B-quantity', 'B-item', 'O', 'O']"
93,Can I get two Mochas?,order,"['Can', 'I', 'get', 'two', 'Mochas', '?']","['O', 'O', 'O', 'B-quantity', 'B-item', 'O']"
94,I'd like to have three cups of Mocha,order,"['I', ""'d"", 'like', 'to', 'have', 'three', 'cups', 'of', 'Mocha']","['O', 'O', 'O', 'O', 'O', 'B-quantity', 'I-quantity', 'I-quantity', 'B-item']"
95,Could I order a Mocha?,order,"['Could', 'I', 'order', 'a', 'Mocha', '?']","['O', 'O', 'O', 'B-quantity', 'B-item', 'O']"
96,Please give me one Mocha,order,"['Please', 'give', 'me', 'one', 'Mocha']","['O', 'O', 'O', 'B-quantity', 'B-item']"
97,"May I have two Mochas, please?",order,"['May', 'I', 'have', 'two', 'Mochas', ',', 'please', '?']","['O', 'O', 'O', 'B-quantity', 'B-item', 'O', 'O', 'O']"
98,I'd love to get a Mocha,order,"['I', ""'d"", 'love', 'to', 'get', 'a', 'Mocha']","['O', 'O', 'O', 'O', 'O', 'B-quantity', 'B-item']"
99,I want to order four Mochas,order,"['I', 'want', 'to', 'order', 'four', 'Mochas']","['O', 'O', 'O', 'O', 'B-quantity', 'B-item']"
100,Let me order a single Mocha,order,"['Let', 'me', 'order', 'a', 'single', 'Mocha']","['O', 'O', 'O', 'B-quantity', 'I-quantity', 'B-item']"
101,I’ll take one Mocha to go,order,"['I’ll', 'take', 'one', 'Mocha', 'to', 'go']","['O', 'O', 'B-quantity', 'B-item', 'O', 'O']"
102,I’d like five Mochas for my friends and me,order,"['I’d', 'like', 'five', 'Mochas', 'for', 'my', 'friends', 'and', 'me']","['O', 'O', 'B-quantity', 'B-item', 'O', 'O', 'O', 'O', 'O']"
103,Can you make three Mochas for us?,order,"['Can', 'you', 'make', 'three', 'Mochas', 'for', 'us', '?']","['O', 'O', 'O', 'B-quantity', 'B-item', 'O', 'O', 'O']"
104,I’d like to place an order for two Mochas,order,"['I’d', 'like', 'to', 'place', 'an', 'order', 'for', 'two', 'Mochas']","['O', 'O', 'O', 'O', 'O', 'O', 'O', 'B-quantity', 'B-item']"
105,"I'd appreciate a hot Mocha, please",order,"['I', ""'d"", 'appreciate', 'a', 'hot', 'Mocha', ',', 'please']","['O', 'O', 'O', 'B-quantity', 'I-item', 'B-item', 'O', 'O']"
106,"One Mocha, thanks",order,"['One', 'Mocha', ',', 'thanks']","['B-quantity', 'B-item', 'O', 'O']"
107,I need a Mocha to start my day,order,"['I', 'need', 'a', 'Mocha', 'to', 'start', 'my', 'day']","['O', 'O', 'B-quantity', 'B-item', 'O', 'O', 'O', 'O']"
108,"Give me one cup of Mocha, please",order,"['Give', 'me', 'one', 'cup', 'of', 'Mocha', ',', 'please']","['O', 'O', 'B-quantity', 'I-quantity', 'I-quantity', 'B-item', 'O', 'O']"
109,I’ll go with a Mocha today,order,"['I’ll', 'go', 'with', 'a', 'Mocha', 'today']","['O', 'O', 'O', 'B-quantity', 'B-item', 'O']"
110,I want a Mocha right now,order,"['I', 'want', 'a', 'Mocha', 'right', 'now']","['O', 'O', 'B-quantity', 'B-item', 'O', 'O']"
111,I’d like to buy one Mocha,order,"['I’d', 'like', 'to', 'buy', 'one', 'Mocha']","['O', 'O', 'O', 'O', 'B-quantity', 'B-item']"
112,"I’d like to order one White Mocha, please",order,"['I’d', 'like', 'to', 'order', 'one', 'White', 'Mocha', ',', 'please']","['O', 'O', 'O', 'O', 'B-quantity', 'B-item', 'I-item', 'O', 'O']"
113,Can I get two White Mochas?,order,"['Can', 'I', 'get', 'two', 'White', 'Mochas', '?']","['O', 'O', 'O', 'B-quantity', 'B-item', 'I-item', 'O']"
114,I'd like to have three cups of White Mocha,order,"['I', ""'d"", 'like', 'to', 'have', 'three', 'cups', 'of', 'White', 'Mocha']","['O', 'O', 'O', 'O', 'O', 'B-quantity', 'I-quantity', 'I-quantity', 'B-item', 'I-item']"
115,Could I order a White Mocha?,order,"['Could', 'I', 'order', 'a', 'White', 'Mocha', '?']","['O', 'O', 'O', 'B-quantity', 'B-item', 'I-item', 'O']"
116,Please give me one White Mocha,order,"['Please', 'give', 'me', 'one', 'White', 'Mocha']","['O', 'O', 'O', 'B-quantity', 'B-item', 'I-item']"
117,"May I have two White Mochas, please?",order,"['May', 'I', 'have', 'two', 'White', 'Mochas', ',', 'please', '?']","['O', 'O', 'O', 'B-quantity', 'B-item', 'I-item', 'O', 'O', 'O']"
118,I'd love to get a White Mocha,order,"['I', ""'d"", 'love', 'to', 'get', 'a', 'White', 'Mocha']","['O', 'O', 'O', 'O', 'O', 'B-quantity', 'B-item', 'I-item']"
119,I want to order four White Mochas,order,"['I', 'want', 'to', 'order', 'four', 'White', 'Mochas']","['O', 'O', 'O', 'O', 'B-quantity', 'B-item', 'I-item']"
120,Let me order a single White Mocha,order,"['Let', 'me', 'order', 'a', 'single', 'White', 'Mocha']","['O', 'O', 'O', 'B-quantity', 'I-quantity', 'B-item', 'I-item']"
121,I’ll take one White Mocha to go,order,"['I’ll', 'take', 'one', 'White', 'Mocha', 'to', 'go']","['O', 'O', 'B-quantity', 'B-item', 'I-item', 'O', 'O']"
122,I’d like five White Mochas for my friends and me,order,"['I’d', 'like', 'five', 'White', 'Mochas', 'for', 'my', 'friends', 'and', 'me']","['O', 'O', 'B-quantity', 'B-item', 'I-item', 'O', 'O', 'O', 'O', 'O']"
123,Can you make three White Mochas for us?,order,"['Can', 'you', 'make', 'three', 'White', 'Mochas', 'for', 'us', '?']","['O', 'O', 'O', 'B-quantity', 'B-item', 'I-item', 'O', 'O', 'O']"
124,I’d like to place an order for two White Mochas,order,"['I’d', 'like', 'to', 'place', 'an', 'order', 'for', 'two', 'White', 'Mochas']","['O', 'O', 'O', 'O', 'O', 'O', 'O', 'B-quantity', 'B-item', 'I-item']"
125,"I'd appreciate a hot White Mocha, please",order,"['I', ""'d"", 'appreciate', 'a', 'hot', 'White', 'Mocha', ',', 'please']","['O', 'O', 'O', 'B-quantity', 'I-item', 'B-item', 'I-item', 'O', 'O']"
126,"One White Mocha, thanks",order,"['One', 'White', 'Mocha', ',', 'thanks']","['B-quantity', 'B-item', 'I-item', 'O', 'O']"
127,I need a White Mocha to start my day,order,"['I', 'need', 'a', 'White', 'Mocha', 'to', 'start', 'my', 'day']","['O', 'O', 'B-quantity', 'B-item', 'I-item', 'O', 'O', 'O', 'O']"
128,"Give me one cup of White Mocha, please",order,"['Give', 'me', 'one', 'cup', 'of', 'White', 'Mocha', ',', 'please']","['O', 'O', 'B-quantity', 'I-quantity', 'I-quantity', 'B-item', 'I-item', 'O', 'O']"
129,I’ll go with a White Mocha today,order,"['I’ll', 'go', 'with', 'a', 'White', 'Mocha', 'today']","['O', 'O', 'O', 'B-quantity', 'B-item', 'I-item', 'O']"
130,I want a White Mocha right now,order,"['I', 'want', 'a', 'White', 'Mocha', 'right', 'now']","['O', 'O', 'B-quantity', 'B-item', 'I-item', 'O', 'O']"
131,I’d like to buy one White Mocha,order,"['I’d', 'like', 'to', 'buy', 'one', 'White', 'Mocha']","['O', 'O', 'O', 'O', 'B-quantity', 'B-item', 'I-item']"
132,"I’d like to order one Black Tea, please",order,"['I’d', 'like', 'to', 'order', 'one', 'Black', 'Tea', ',', 'please']","['O', 'O', 'O', 'O', 'B-quantity', 'B-item', 'I-item', 'O', 'O']"
133,Can I get two Black Teas?,order,"['Can', 'I', 'get', 'two', 'Black', 'Teas', '?']","['O', 'O', 'O', 'B-quantity', 'B-item', 'I-item', 'O']"
134,I'd like to have three cups of Black Tea,order,"['I', ""'d"", 'like', 'to', 'have', 'three', 'cups', 'of', 'Black', 'Tea']","['O', 'O', 'O', 'O', 'O', 'B-quantity', 'I-quantity', 'I-quantity', 'B-item', 'I-item']"
135,Could I order a Black Tea?,order,"['Could', 'I', 'order', 'a', 'Black', 'Tea', '?']","['O', 'O', 'O', 'B-quantity', 'B-item', 'I-item', 'O']"
136,Please give me one Black Tea,order,"['Please', 'give', 'me', 'one', 'Black', 'Tea']","['O', 'O', 'O', 'B-quantity', 'B-item', 'I-item']"
137,"May I have two Black Teas, please?",order,"['May', 'I', 'have', 'two', 'Black', 'Teas', ',', 'please', '?']","['O', 'O', 'O', 'B-quantity', 'B-item', 'I-item', 'O', 'O', 'O']"
138,I'd love to get a Black Tea,order,"['I', ""'d"", 'love', 'to', 'get', 'a', 'Black', 'Tea']","['O', 'O', 'O', 'O', 'O', 'B-quantity', 'B-item', 'I-item']"
139,I want to order four Black Teas,order,"['I', 'want', 'to', 'order', 'four', 'Black', 'Teas']","['O', 'O', 'O', 'O', 'B-quantity', 'B-item', 'I-item']"
140,Let me order a single Black Tea,order,"['Let', 'me', 'order', 'a', 'single', 'Black', 'Tea']","['O', 'O', 'O', 'B-quantity', 'I-quantity', 'B-item', 'I-item']"
141,I’ll take one Black Tea to go,order,"['I’ll', 'take', 'one', 'Black', 'Tea', 'to', 'go']","['O', 'O', 'B-quantity', 'B-item', 'I-item', 'O', 'O']"
142,I’d like five Black Teas for my friends and me,order,"['I’d', 'like', 'five', 'Black', 'Teas', 'for', 'my', 'friends', 'and', 'me']","['O', 'O', 'B-quantity', 'B-item', 'I-item', 'O', 'O', 'O', 'O', 'O']"
143,Can you make three Black Teas for us?,order,"['Can', 'you', 'make', 'three', 'Black', 'Teas', 'for', 'us', '?']","['O', 'O', 'O', 'B-quantity', 'B-item', 'I-item', 'O', 'O', 'O']"
144,I’d like to place an order for two Black Teas,order,"['I’d', 'like', 'to', 'place', 'an', 'order', 'for', 'two', 'Black', 'Teas']","['O', 'O', 'O', 'O', 'O', 'O', 'O', 'B-quantity', 'B-item', 'I-item']"
145,"I'd appreciate a hot Black Tea, please",order,"['I', ""'d"", 'appreciate', 'a', 'hot', 'Black', 'Tea', ',', 'please']","['O', 'O', 'O', 'B-quantity', 'I-item', 'B-item', 'I-item', 'O', 'O']"
146,"One Black Tea, thanks",order,"['One', 'Black', 'Tea', ',', 'thanks']","['B-quantity', 'B-item', 'I-item', 'O', 'O']"
147,I need a Black Tea to start my day,order,"['I', 'need', 'a', 'Black', 'Tea', 'to', 'start', 'my', 'day']","['O', 'O', 'B-quantity', 'B-item', 'I-item', 'O', 'O', 'O', 'O']"
148,"Give me one cup of Black Tea, please",order,"['Give', 'me', 'one', 'cup', 'of', 'Black', 'Tea', ',', 'please']","['O', 'O', 'B-quantity', 'I-quantity', 'I-quantity', 'B-item', 'I-item', 'O', 'O']"
149,I’ll go with a Black Tea today,order,"['I’ll', 'go', 'with', 'a', 'Black', 'Tea', 'today']","['O', 'O', 'O', 'B-quantity', 'B-item', 'I-item', 'O']"
150,I want a Black Tea right now,order,"['I', 'want', 'a', 'Black', 'Tea', 'right', 'now']","['O', 'O', 'B-quantity', 'B-item', 'I-item', 'O', 'O']"
151,I’d like to buy one Black Tea,order,"['I’d', 'like', 'to', 'buy', 'one', 'Black', 'Tea']","['O', 'O', 'O', 'O', 'B-quantity', 'B-item', 'I-item']"
152,"I’d like to order one Chai Tea, please",order,"['I’d', 'like', 'to', 'order', 'one', 'Chai', 'Tea', ',', 'please']","['O', 'O', 'O', 'O', 'B-quantity', 'B-item', 'I-item', 'O', 'O']"
153,Can I get two Chai Teas?,order,"['Can', 'I', 'get', 'two', 'Chai', 'Teas', '?']","['O', 'O', 'O', 'B-quantity', 'B-item', 'I-item', 'O']"
154,I'd like to have three cups of Chai Tea,order,"['I', ""'d"", 'like', 'to', 'have', 'three', 'cups', 'of', 'Chai', 'Tea']","['O', 'O', 'O', 'O', 'O', 'B-quantity', 'O', 'O', 'B-item', 'I-item']"
155,Could I order a Chai Tea?,order,"['Could', 'I', 'order', 'a', 'Chai', 'Tea', '?']","['O', 'O', 'O', 'B-quantity', 'B-item', 'I-item', 'O']"
156,Please give me one Chai Tea,order,"['Please', 'give', 'me', 'one', 'Chai', 'Tea']","['O', 'O', 'O', 'B-quantity', 'B-item', 'I-item']"
157,"May I have two Chai Teas, please?",order,"['May', 'I', 'have', 'two', 'Chai', 'Teas', ',', 'please', '?']","['O', 'O', 'O', 'B-quantity', 'B-item', 'I-item', 'O', 'O', 'O']"
158,I'd love to get a Chai Tea,order,"['I', ""'d"", 'love', 'to', 'get', 'a', 'Chai', 'Tea']","['O', 'O', 'O', 'O', 'O', 'B-quantity', 'B-item', 'I-item']"
159,I want to order four Chai Teas,order,"['I', 'want', 'to', 'order', 'four', 'Chai', 'Teas']","['O', 'O', 'O', 'O', 'B-quantity', 'B-item', 'I-item']"
160,Let me order a single Chai Tea,order,"['Let', 'me', 'order', 'a', 'single', 'Chai', 'Tea']","['O', 'O', 'O', 'B-quantity', 'O', 'B-item', 'I-item']"
161,I’ll take one Chai Tea to go,order,"['I’ll', 'take', 'one', 'Chai', 'Tea', 'to', 'go']","['O', 'O', 'B-quantity', 'B-item', 'I-item', 'O', 'O']"
162,I’d like five Chai Teas for my friends and me,order,"['I’d', 'like', 'five', 'Chai', 'Teas', 'for', 'my', 'friends', 'and', 'me']","['O', 'O', 'B-quantity', 'B-item', 'I-item', 'O', 'O', 'O', 'O', 'O']"
163,Can you make three Chai Teas for us?,order,"['Can', 'you', 'make', 'three', 'Chai', 'Teas', 'for', 'us', '?']","['O', 'O', 'O', 'B-quantity', 'B-item', 'I-item', 'O', 'O', 'O']"
164,I’d like to place an order for two Chai Teas,order,"['I’d', 'like', 'to', 'place', 'an', 'order', 'for', 'two', 'Chai', 'Teas']","['O', 'O', 'O', 'O', 'O', 'O', 'O', 'B-quantity', 'B-item', 'I-item']"
165,"I'd appreciate a hot Chai Tea, please",order,"['I', ""'d"", 'appreciate', 'a', 'hot', 'Chai', 'Tea', ',', 'please']","['O', 'O', 'O', 'B-quantity', 'O', 'B-item', 'I-item', 'O', 'O']"
166,"One Chai Tea, thanks",order,"['One', 'Chai', 'Tea', ',', 'thanks']","['B-quantity', 'B-item', 'I-item', 'O', 'O']"
167,I need a Chai Tea to start my day,order,"['I', 'need', 'a', 'Chai', 'Tea', 'to', 'start', 'my', 'day']","['O', 'O', 'B-quantity', 'B-item', 'I-item', 'O', 'O', 'O', 'O']"
168,"Give me one cup of Chai Tea, please",order,"['Give', 'me', 'one', 'cup', 'of', 'Chai', 'Tea', ',', 'please']","['O', 'O', 'B-quantity', 'O', 'O', 'B-item', 'I-item', 'O', 'O']"
169,I’ll go with a Chai Tea today,order,"['I’ll', 'go', 'with', 'a', 'Chai', 'Tea', 'today']","['O', 'O', 'O', 'B-quantity', 'B-item', 'I-item', 'O']"
170,I want a Chai Tea right now,order,"['I', 'want', 'a', 'Chai', 'Tea', 'right', 'now']","['O', 'O', 'B-quantity', 'B-item', 'I-item', 'O', 'O']"
171,I’d like to buy one Chai Tea,order,"['I’d', 'like', 'to', 'buy', 'one', 'Chai', 'Tea']","['O', 'O', 'O', 'O', 'B-quantity', 'B-item', 'I-item']"
172,"I’d like to order one Green Mint, please",order,"['I’d', 'like', 'to', 'order', 'one', 'Green', 'Mint', ',', 'please']","['O', 'O', 'O', 'O', 'B-quantity', 'B-item', 'I-item', 'O', 'O']"
173,Can I get two Green Mints?,order,"['Can', 'I', 'get', 'two', 'Green', 'Mints', '?']","['O', 'O', 'O', 'B-quantity', 'B-item', 'I-item', 'O']"
174,I'd like to have three cups of Green Mint,order,"['I', ""'d"", 'like', 'to', 'have', 'three', 'cups', 'of', 'Green', 'Mint']","['O', 'O', 'O', 'O', 'O', 'B-quantity', 'O', 'O', 'B-item', 'I-item']"
175,Could I order a Green Mint?,order,"['Could', 'I', 'order', 'a', 'Green', 'Mint', '?']","['O', 'O', 'O', 'B-quantity', 'B-item', 'I-item', 'O']"
176,Please give me one Green Mint,order,"['Please', 'give', 'me', 'one', 'Green', 'Mint']","['O', 'O', 'O', 'B-quantity', 'B-item', 'I-item']"
177,"May I have two Green Mints, please?",order,"['May', 'I', 'have', 'two', 'Green', 'Mints', ',', 'please', '?']","['O', 'O', 'O', 'B-quantity', 'B-item', 'I-item', 'O', 'O', 'O']"
178,I'd love to get a Green Mint,order,"['I', ""'d"", 'love', 'to', 'get', 'a', 'Green', 'Mint']","['O', 'O', 'O', 'O', 'O', 'B-quantity', 'B-item', 'I-item']"
179,I want to order four Green Mints,order,"['I', 'want', 'to', 'order', 'four', 'Green', 'Mints']","['O', 'O', 'O', 'O', 'B-quantity', 'B-item', 'I-item']"
180,Let me order a single Green Mint,order,"['Let', 'me', 'order', 'a', 'single', 'Green', 'Mint']","['O', 'O', 'O', 'B-quantity', 'O', 'B-item', 'I-item']"
181,I’ll take one Green Mint to go,order,"['I’ll', 'take', 'one', 'Green', 'Mint', 'to', 'go']","['O', 'O', 'B-quantity', 'B-item', 'I-item', 'O', 'O']"
182,I’d like five Green Mints for my friends and me,order,"['I’d', 'like', 'five', 'Green', 'Mints', 'for', 'my', 'friends', 'and', 'me']","['O', 'O', 'B-quantity', 'B-item', 'I-item', 'O', 'O', 'O', 'O', 'O']"
183,Can you make three Green Mints for us?,order,"['Can', 'you', 'make', 'three', 'Green', 'Mints', 'for', 'us', '?']","['O', 'O', 'O', 'B-quantity', 'B-item', 'I-item', 'O', 'O', 'O']"
184,I’d like to place an order for two Green Mints,order,"['I’d', 'like', 'to', 'place', 'an', 'order', 'for', 'two', 'Green', 'Mints']","['O', 'O', 'O', 'O', 'O', 'O', 'O', 'B-quantity', 'B-item', 'I-item']"
185,"I'd appreciate a hot Green Mint, please",order,"['I', ""'d"", 'appreciate', 'a', 'hot', 'Green', 'Mint', ',', 'please']","['O', 'O', 'O', 'B-quantity', 'O', 'B-item', 'I-item', 'O', 'O']"
186,"One Green Mint, thanks",order,"['One', 'Green', 'Mint', ',', 'thanks']","['B-quantity', 'B-item', 'I-item', 'O', 'O']"
187,I need a Green Mint to start my day,order,"['I', 'need', 'a', 'Green', 'Mint', 'to', 'start', 'my', 'day']","['O', 'O', 'B-quantity', 'B-item', 'I-item', 'O', 'O', 'O', 'O']"
188,"Give me one cup of Green Mint, please",order,"['Give', 'me', 'one', 'cup', 'of', 'Green', 'Mint', ',', 'please']","['O', 'O', 'B-quantity', 'O', 'O', 'B-item', 'I-item', 'O', 'O']"
189,I’ll go with a Green Mint today,order,"['I’ll', 'go', 'with', 'a', 'Green', 'Mint', 'today']","['O', 'O', 'O', 'B-quantity', 'B-item', 'I-item', 'O']"
190,I want a Green Mint right now,order,"['I', 'want', 'a', 'Green', 'Mint', 'right', 'now']","['O', 'O', 'B-quantity', 'B-item', 'I-item', 'O', 'O']"
191,I’d like to buy one Green Mint,order,"['I’d', 'like', 'to', 'buy', 'one', 'Green', 'Mint']","['O', 'O', 'O', 'O', 'B-quantity', 'B-item', 'I-item']"
192,"I’d like to order one Hot Chocolate, please",order,"['I’d', 'like', 'to', 'order', 'one', 'Hot', 'Chocolate', ',', 'please']","['O', 'O', 'O', 'O', 'B-quantity', 'B-item', 'I-item', 'O', 'O']"
193,Can I get two Hot Chocolates?,order,"['Can', 'I', 'get', 'two', 'Hot', 'Chocolates', '?']","['O', 'O', 'O', 'B-quantity', 'B-item', 'I-item', 'O']"
194,I'd like to have three cups of Hot Chocolate,order,"['I', ""'d"", 'like', 'to', 'have', 'three', 'cups', 'of', 'Hot', 'Chocolate']","['O', 'O', 'O', 'O', 'O', 'B-quantity', 'O', 'O', 'B-item', 'I-item']"
195,Could I order a Hot Chocolate?,order,"['Could', 'I', 'order', 'a', 'Hot', 'Chocolate', '?']","['O', 'O', 'O', 'O', 'B-item', 'I-item', 'O']"
196,Please give me one Hot Chocolate,order,"['Please', 'give', 'me', 'one', 'Hot', 'Chocolate']","['O', 'O', 'O', 'B-quantity', 'B-item', 'I-item']"
197,"May I have two Hot Chocolates, please?",order,"['May', 'I', 'have', 'two', 'Hot', 'Chocolates', ',', 'please', '?']","['O', 'O', 'O', 'B-quantity', 'B-item', 'I-item', 'O', 'O', 'O']"
198,I'd love to get a Hot Chocolate,order,"['I', ""'d"", 'love', 'to', 'get', 'a', 'Hot', 'Chocolate']","['O', 'O', 'O', 'O', 'O', 'O', 'B-item', 'I-item']"
199,I want to order four Hot Chocolates,order,"['I', 'want', 'to', 'order', 'four', 'Hot', 'Chocolates']","['O', 'O', 'O', 'O', 'B-quantity', 'B-item', 'I-item']"
200,Let me order a single Hot Chocolate,order,"['Let', 'me', 'order', 'a', 'single', 'Hot', 'Chocolate']","['O', 'O', 'O', 'O', 'B-quantity', 'B-item', 'I-item']"
201,I’ll take one Hot Chocolate to go,order,"['I’ll', 'take', 'one', 'Hot', 'Chocolate', 'to', 'go']","['O', 'O', 'B-quantity', 'B-item', 'I-item', 'O', 'O']"
202,I’d like five Hot Chocolates for my friends and me,order,"['I’d', 'like', 'five', 'Hot', 'Chocolates', 'for', 'my', 'friends', 'and', 'me']","['O', 'O', 'B-quantity', 'B-item', 'I-item', 'O', 'O', 'O', 'O', 'O']"
203,Can you make three Hot Chocolates for us?,order,"['Can', 'you', 'make', 'three', 'Hot', 'Chocolates', 'for', 'us', '?']","['O', 'O', 'O', 'B-quantity', 'B-item', 'I-item', 'O', 'O', 'O']"
204,I’d like to place an order for two Hot Chocolates,order,"['I’d', 'like', 'to', 'place', 'an', 'order', 'for', 'two', 'Hot', 'Chocolates']","['O', 'O', 'O', 'O', 'O', 'O', 'O', 'B-quantity', 'B-item', 'I-item']"
205,"I'd appreciate a hot Hot Chocolate, please",order,"['I', ""'d"", 'appreciate', 'a', 'hot', 'Hot', 'Chocolate', ',', 'please']","['O', 'O', 'O', 'O', 'O', 'B-item', 'I-item', 'O', 'O']"
206,"One Hot Chocolate, thanks",order,"['One', 'Hot', 'Chocolate', ',', 'thanks']","['B-quantity', 'B-item', 'I-item', 'O', 'O']"
207,I need a Hot Chocolate to start my day,order,"['I', 'need', 'a', 'Hot', 'Chocolate', 'to', 'start', 'my', 'day']","['O', 'O', 'O', 'B-item', 'I-item', 'O', 'O', 'O', 'O']"
208,"Give me one cup of Hot Chocolate, please",order,"['Give', 'me', 'one', 'cup', 'of', 'Hot', 'Chocolate', ',', 'please']","['O', 'O', 'B-quantity', 'O', 'O', 'B-item', 'I-item', 'O', 'O']"
209,I’ll go with a Hot Chocolate today,order,"['I’ll', 'go', 'with', 'a', 'Hot', 'Chocolate', 'today']","['O', 'O', 'O', 'O', 'B-item', 'I-item', 'O']"
210,I want a Hot Chocolate right now,order,"['I', 'want', 'a', 'Hot', 'Chocolate', 'right', 'now']","['O', 'O', 'O', 'B-item', 'I-item', 'O', 'O']"
211,I’d like to buy one Hot Chocolate,order,"['I’d', 'like', 'to', 'buy', 'one', 'Hot', 'Chocolate']","['O', 'O', 'O', 'O', 'B-quantity', 'B-item', 'I-item']"
212,"I’d like to order one Matcha Latte, please",order,"['I’d', 'like', 'to', 'order', 'one', 'Matcha', 'Latte', ',', 'please']","['O', 'O', 'O', 'O', 'B-quantity', 'B-item', 'I-item', 'O', 'O']"
213,Can I get two Matcha Lattes?,order,"['Can', 'I', 'get', 'two', 'Matcha', 'Lattes', '?']","['O', 'O', 'O', 'B-quantity', 'B-item', 'I-item', 'O']"
214,I'd like to have three cups of Matcha Latte,order,"['I', ""'d"", 'like', 'to', 'have', 'three', 'cups', 'of', 'Matcha', 'Latte']","['O', 'O', 'O', 'O', 'O', 'B-quantity', 'O', 'O', 'B-item', 'I-item']"
215,Could I order a Matcha Latte?,order,"['Could', 'I', 'order', 'a', 'Matcha', 'Latte', '?']","['O', 'O', 'O', 'O', 'B-item', 'I-item', 'O']"
216,Please give me one Matcha Latte,order,"['Please', 'give', 'me', 'one', 'Matcha', 'Latte']","['O', 'O', 'O', 'B-quantity', 'B-item', 'I-item']"
217,"May I have two Matcha Lattes, please?",order,"['May', 'I', 'have', 'two', 'Matcha', 'Lattes', ',', 'please', '?']","['O', 'O', 'O', 'B-quantity', 'B-item', 'I-item', 'O', 'O', 'O']"
218,I'd love to get a Matcha Latte,order,"['I', ""'d"", 'love', 'to', 'get', 'a', 'Matcha', 'Latte']","['O', 'O', 'O', 'O', 'O', 'O', 'B-item', 'I-item']"
219,I want to order four Matcha Lattes,order,"['I', 'want', 'to', 'order', 'four', 'Matcha', 'Lattes']","['O', 'O', 'O', 'O', 'B-quantity', 'B-item', 'I-item']"
220,Let me order a single Matcha Latte,order,"['Let', 'me', 'order', 'a', 'single', 'Matcha', 'Latte']","['O', 'O', 'O', 'O', 'B-quantity', 'B-item', 'I-item']"
221,I’ll take one Matcha Latte to go,order,"['I’ll', 'take', 'one', 'Matcha', 'Latte', 'to', 'go']","['O', 'O', 'B-quantity', 'B-item', 'I-item', 'O', 'O']"
222,I’d like five Matcha Lattes for my friends and me,order,"['I’d', 'like', 'five', 'Matcha', 'Lattes', 'for', 'my', 'friends', 'and', 'me']","['O', 'O', 'B-quantity', 'B-item', 'I-item', 'O', 'O', 'O', 'O', 'O']"
223,Can you make three Matcha Lattes for us?,order,"['Can', 'you', 'make', 'three', 'Matcha', 'Lattes', 'for', 'us', '?']","['O', 'O', 'O', 'B-quantity', 'B-item', 'I-item', 'O', 'O', 'O']"
224,I’d like to place an order for two Matcha Lattes,order,"['I’d', 'like', 'to', 'place', 'an', 'order', 'for', 'two', 'Matcha', 'Lattes']","['O', 'O', 'O', 'O', 'O', 'O', 'O', 'B-quantity', 'B-item', 'I-item']"
225,"I'd appreciate a hot Matcha Latte, please",order,"['I', ""'d"", 'appreciate', 'a', 'hot', 'Matcha', 'Latte', ',', 'please']","['O', 'O', 'O', 'O', 'O', 'B-item', 'I-item', 'O', 'O']"
226,"One Matcha Latte, thanks",order,"['One', 'Matcha', 'Latte', ',', 'thanks']","['B-quantity', 'B-item', 'I-item', 'O', 'O']"
227,I need a Matcha Latte to start my day,order,"['I', 'need', 'a', 'Matcha', 'Latte', 'to', 'start', 'my', 'day']","['O', 'O', 'O', 'B-item', 'I-item', 'O', 'O', 'O', 'O']"
228,"Give me one cup of Matcha Latte, please",order,"['Give', 'me', 'one', 'cup', 'of', 'Matcha', 'Latte', ',', 'please']","['O', 'O', 'B-quantity', 'O', 'O', 'B-item', 'I-item', 'O', 'O']"
229,I’ll go with a Matcha Latte today,order,"['I’ll', 'go', 'with', 'a', 'Matcha', 'Latte', 'today']","['O', 'O', 'O', 'O', 'B-item', 'I-item', 'O']"
230,I want a Matcha Latte right now,order,"['I', 'want', 'a', 'Matcha', 'Latte', 'right', 'now']","['O', 'O', 'O', 'B-item', 'I-item', 'O', 'O']"
231,I’d like to buy one Matcha Latte,order,"['I’d', 'like', 'to', 'buy', 'one', 'Matcha', 'Latte']","['O', 'O', 'O', 'O', 'B-quantity', 'B-item', 'I-item']"
232,Can I get an Americano?,order,"['Can', 'I', 'get', 'an', 'Americano', '?']","['O', 'O', 'O', 'O', 'B-item', 'O']"
233,Could I have a Latte?,order,"['Could', 'I', 'have', 'a', 'Latte', '?']","['O', 'O', 'O', 'O', 'B-item', 'O']"
234,I'll take a Mocha.,order,"['I', ""'ll"", 'take', 'a', 'Mocha', '.']","['O', 'O', 'O', 'O', 'B-item', 'O']"
235,Do you have Black Tea?,order,"['Do', 'you', 'have', 'Black', 'Tea', '?']","['O', 'O', 'O', 'B-item', 'I-item', 'O']"
236,I'd like a Chai tea.,order,"['I', ""'d"", 'like', 'a', 'Chai', 'tea', '.']","['O', 'O', 'O', 'O', 'B-item', 'I-item', 'O']"
237,Can I get a Green Mint?,order,"['Can', 'I', 'get', 'a', 'Green', 'Mint', '?']","['O', 'O', 'O', 'O', 'B-item', 'I-item', 'O']"
238,Could I have a Hot Chocolate?,order,"['Could', 'I', 'have', 'a', 'Hot', 'Chocolate', '?']","['O', 'O', 'O', 'O', 'B-item', 'I-item', 'O']"
239,I'll take a Matcha Latte.,order,"['I', ""'ll"", 'take', 'a', 'Matcha', 'Latte', '.']","['O', 'O', 'O', 'O', 'B-item', 'I-item', 'O']"
240,I'd like to order a coffee.,order,"['I', ""'d"", 'like', 'to', 'order', 'a', 'coffee', '.']","['O', 'O', 'O', 'O', 'O', 'O', 'B-item', 'O']"
249,Can I order a cappuccino?,order,"['Can', 'I', 'order', 'a', 'cappuccino', '?']","['O', 'O', 'O', 'O', 'B-item', 'O']"
250,"I'd like to get a latte, please.",order,"['I', ""'d"", 'like', 'to', 'get', 'a', 'latte', ',', 'please', '.']","['O', 'O', 'O', 'O', 'O', 'O', 'B-item', 'O', 'O', 'O']"
251,Could I have a mocha?,order,"['Could', 'I', 'have', 'a', 'mocha', '?']","['O', 'O', 'O', 'O', 'B-item', 'O']"
252,Can you prepare an Americano for me?,order,"['Can', 'you', 'prepare', 'an', 'Americano', 'for', 'me', '?']","['O', 'O', 'O', 'O', 'B-item', 'O', 'O', 'O']"
253,May I order a white mocha?,order,"['May', 'I', 'order', 'a', 'white', 'mocha', '?']","['O', 'O', 'O', 'O', 'B-item', 'I-item', 'O']"
254,"I want a black tea, please.",order,"['I', 'want', 'a', 'black', 'tea', ',', 'please', '.']","['O', 'O', 'O', 'B-item', 'I-item', 'O', 'O', 'O']"
255,Could I get a chai tea?,order,"['Could', 'I', 'get', 'a', 'chai', 'tea', '?']","['O', 'O', 'O', 'O', 'B-item', 'I-item', 'O']"
256,Can I have a green mint tea?,order,"['Can', 'I', 'have', 'a', 'green', 'mint', 'tea', '?']","['O', 'O', 'O', 'O', 'B-item', 'I-item', 'I-item', 'O']"
257,I'd like a hot chocolate.,order,"['I', ""'d"", 'like', 'a', 'hot', 'chocolate', '.']","['O', 'O', 'O', 'O', 'B-item', 'I-item', 'O']"
258,May I order a matcha latte?,order,"['May', 'I', 'order', 'a', 'matcha', 'latte', '?']","['O', 'O', 'O', 'O', 'B-item', 'I-item', 'O']"
259,Can I get an Americano with extra sugar?,order,"['Can', 'I', 'get', 'an', 'Americano', 'with', 'extra', 'sugar', '?']","['O', 'O', 'O', 'O', 'B-item', 'O', 'O', 'O', 'O']"
260,I'd like a cappuccino with almond milk.,order,"['I', ""'d"", 'like', 'a', 'cappuccino', 'with', 'almond', 'milk', '.']","['O', 'O', 'O', 'O', 'B-item', 'O', 'O', 'O', 'O']"
261,Could I have a latte with less ice?,order,"['Could', 'I', 'have', 'a', 'latte', 'with', 'less', 'ice', '?']","['O', 'O', 'O', 'O', 'B-item', 'O', 'O', 'O', 'O']"
262,Can you make a mocha without whipped cream?,order,"['Can', 'you', 'make', 'a', 'mocha', 'without', 'whipped', 'cream', '?']","['O', 'O', 'O', 'O', 'B-item', 'O', 'O', 'O', 'O']"
263,May I order a white mocha with extra caramel?,order,"['May', 'I', 'order', 'a', 'white', 'mocha', 'with', 'extra', 'caramel', '?']","['O', 'O', 'O', 'O', 'B-item', 'I-item', 'O', 'O', 'O', 'O']"
264,I want a black tea with honey.,order,"['I', 'want', 'a', 'black', 'tea', 'with', 'honey', '.']","['O', 'O', 'O', 'B-item', 'I-item', 'O', 'O', 'O']"
265,Could I get a chai tea with oat milk?,order,"['Could', 'I', 'get', 'a', 'chai', 'tea', 'with', 'oat', 'milk', '?']","['O', 'O', 'O', 'O', 'B-item', 'I-item', 'O', 'O', 'O', 'O']"
266,Can I have a green mint tea with less sugar?,order,"['Can', 'I', 'have', 'a', 'green', 'mint', 'tea', 'with', 'less', 'sugar', '?']","['O', 'O', 'O', 'O', 'B-item', 'I-item', 'I-item', 'O', 'O', 'O', 'O']"
267,I'd like a hot chocolate with marshmallows.,order,"['I', ""'d"", 'like', 'a', 'hot', 'chocolate', 'with', 'marshmallows', '.']","['O', 'O', 'O', 'O', 'B-item', 'I-item', 'O', 'O', 'O']"
268,May I order a matcha latte with soy milk?,order,"['May', 'I', 'order', 'a', 'matcha', 'latte', 'with', 'soy', 'milk', '?']","['O', 'O', 'O', 'O', 'B-item', 'I-item', 'O', 'O', 'O', 'O']"
269,Can I get two Americanos and one cappuccino?,order,"['Can', 'I', 'get', 'two', 'Americanos', 'and', 'one', 'cappuccino', '?']","['O', 'O', 'O', 'B-quantity', 'B-item', 'O', 'B-quantity', 'B-item', 'O']"
270,I'd like three lattes and a black tea.,order,"['I', ""'d"", 'like', 'three', 'lattes', 'and', 'a', 'black', 'tea', '.']","['O', 'O', 'O', 'B-quantity', 'B-item', 'O', 'O', 'B-item', 'I-item', 'O']"
271,Could I have a mocha and a hot chocolate?,order,"['Could', 'I', 'have', 'a', 'mocha', 'and', 'a', 'hot', 'chocolate', '?']","['O', 'O', 'O', 'O', 'B-item', 'O', 'O', 'B-item', 'I-item', 'O']"
272,Can you prepare a white mocha and a matcha latte?,order,"['Can', 'you', 'prepare', 'a', 'white', 'mocha', 'and', 'a', 'matcha', 'latte', '?']","['O', 'O', 'O', 'O', 'B-item', 'I-item', 'O', 'O', 'B-item', 'I-item', 'O']"
273,May I order a green mint tea and a chai tea?,order,"['May', 'I', 'order', 'a', 'green', 'mint', 'tea', 'and', 'a', 'chai', 'tea', '?']","['O', 'O', 'O', 'O', 'B-item', 'I-item', 'I-item', 'O', 'O', 'B-item', 'I-item', 'O']"
274,"I want a large Americano, please.",order,"['I', 'want', 'a', 'large', 'Americano', ',', 'please', '.']","['O', 'O', 'O', 'O', 'B-item', 'O', 'O', 'O']"
275,Could I get a small cappuccino?,order,"['Could', 'I', 'get', 'a', 'small', 'cappuccino', '?']","['O', 'O', 'O', 'O', 'O', 'B-item', 'O']"
276,Can I have a medium latte?,order,"['Can', 'I', 'have', 'a', 'medium', 'latte', '?']","['O', 'O', 'O', 'O', 'O', 'B-item', 'O']"
277,I'd like a large mocha.,order,"['I', ""'d"", 'like', 'a', 'large', 'mocha', '.']","['O', 'O', 'O', 'O', 'O', 'B-item', 'O']"
278,May I order a small white mocha?,order,"['May', 'I', 'order', 'a', 'small', 'white', 'mocha', '?']","['O', 'O', 'O', 'O', 'O', 'B-item', 'I-item', 'O']"
279,Can I get a black tea in a large cup?,order,"['Can', 'I', 'get', 'a', 'black', 'tea', 'in', 'a', 'large', 'cup', '?']","['O', 'O', 'O', 'O', 'B-item', 'I-item', 'O', 'O', 'O', 'O', 'O']"
280,I'd like a small chai tea.,order,"['I', ""'d"", 'like', 'a', 'small', 'chai', 'tea', '.']","['O', 'O', 'O', 'O', 'O', 'B-item', 'I-item', 'O']"
281,Could I have a medium green mint tea?,order,"['Could', 'I', 'have', 'a', 'medium', 'green', 'mint', 'tea', '?']","['O', 'O', 'O', 'O', 'O', 'B-item', 'I-item', 'I-item', 'O']"
282,Can you make a large hot chocolate?,order,"['Can', 'you', 'make', 'a', 'large', 'hot', 'chocolate', '?']","['O', 'O', 'O', 'O', 'O', 'B-item', 'I-item', 'O']"
283,May I order a small matcha latte?,order,"['May', 'I', 'order', 'a', 'small', 'matcha', 'latte', '?']","['O', 'O', 'O', 'O', 'O', 'B-item', 'I-item', 'O']"
284,Can I get an iced Americano?,order,"['Can', 'I', 'get', 'an', 'iced', 'Americano', '?']","['O', 'O', 'O', 'O', 'O', 'B-item', 'O']"
285,I'd like a hot cappuccino.,order,"['I', ""'d"", 'like', 'a', 'hot', 'cappuccino', '.']","['O', 'O', 'O', 'O', 'O', 'B-item', 'O']"
286,Could I have an iced latte?,order,"['Could', 'I', 'have', 'an', 'iced', 'latte', '?']","['O', 'O', 'O', 'O', 'O', 'B-item', 'O']"
287,Can you make a hot mocha?,order,"['Can', 'you', 'make', 'a', 'hot', 'mocha', '?']","['O', 'O', 'O', 'O', 'O', 'B-item', 'O']"
288,May I order an iced white mocha?,order,"['May', 'I', 'order', 'an', 'iced', 'white', 'mocha', '?']","['O', 'O', 'O', 'O', 'O', 'B-item', 'I-item', 'O']"
289,Can I get a cold black tea?,order,"['Can', 'I', 'get', 'a', 'cold', 'black', 'tea', '?']","['O', 'O', 'O', 'O', 'O', 'B-item', 'I-item', 'O']"
290,I'd like a hot chai tea.,order,"['I', ""'d"", 'like', 'a', 'hot', 'chai', 'tea', '.']","['O', 'O', 'O', 'O', 'O', 'B-item', 'I-item', 'O']"
291,Could I have an iced green mint tea?,order,"['Could', 'I', 'have', 'an', 'iced', 'green', 'mint', 'tea', '?']","['O', 'O', 'O', 'O', 'O', 'B-item', 'I-item', 'I-item', 'O']"
292,Can you make a cold hot chocolate?,order,"['Can', 'you', 'make', 'a', 'cold', 'hot', 'chocolate', '?']","['O', 'O', 'O', 'O', 'O', 'B-item', 'I-item', 'O']"
293,May I order an iced matcha latte?,order,"['May', 'I', 'order', 'an', 'iced', 'matcha', 'latte', '?']","['O', 'O', 'O', 'O', 'O', 'B-item', 'I-item', 'O']"
294,Can I get an Americano to go?,order,"['Can', 'I', 'get', 'an', 'Americano', 'to', 'go', '?']","['O', 'O', 'O', 'O', 'B-item', 'O', 'O', 'O']"
295,I'd like a cappuccino for here.,order,"['I', ""'d"", 'like', 'a', 'cappuccino', 'for', 'here', '.']","['O', 'O', 'O', 'O', 'B-item', 'O', 'O', 'O']"
296,Could I have a latte to take away?,order,"['Could', 'I', 'have', 'a', 'latte', 'to', 'take', 'away', '?']","['O', 'O', 'O', 'O', 'B-item', 'O', 'O', 'O', 'O']"
297,Can you prepare a mocha for here?,order,"['Can', 'you', 'prepare', 'a', 'mocha', 'for', 'here', '?']","['O', 'O', 'O', 'O', 'B-item', 'O', 'O', 'O']"
298,May I order a white mocha to go?,order,"['May', 'I', 'order', 'a', 'white', 'mocha', 'to', 'go', '?']","['O', 'O', 'O', 'O', 'B-item', 'I-item', 'O', 'O', 'O']"